id;prix
1;12.5417881644895
2;-14.7181887436825
3;17.2175284320133
4;175.883822612579
5;131.310318953672
6;14.2425108563985
7;33.1604109908899
8;222.623679791135
9;93.2182605490946
10;0.828285519557373
11;4.36585469036957
12;34.3468600066961
13;17.6177423837783
14;6.88997242750178
15;20.4098274654422
16;207.897132180672
17;16.510808659402
18;6.35526733998874
19;28.7850352019502
20;14.2356276536292
21;88.8623494715156
22;13.0404298728456
23;137.486181984435
24;5.42698595163496
25;6.47362499361397
26;9.88079145134434
27;0.622162857720602
28;17.2306811954447
29;29.6722108961933
30;-9.59286083095561
31;1.17743131820855
32;17.0783420684276
33;10.8431472728158
34;1.37381287675936
35;21.745186098612
36;6.20737879276243
37;93.2930467507782
38;2.63059381403243
39;1.22817251365107
40;124.131758643131
41;7.96351064793539
42;30.927488766791
43;29.9165759966608
44;17.4908132902605
45;-0.725208499300909
46;49.2402972873898
47;24.7059185569209
48;-5.41316518214385
49;25.4709998993406
50;36.9375601071022
51;13.6612579430151
52;7.41996053975017
53;14.8365944349736
54;9.91869443879529
55;39.261785052127
56;0.226220079198298
57;21.2796205419003
58;12.6680008401341
59;-8.76593312284932
60;25.6109462090814
61;5.67582825444333
62;130.420084359826
63;7.8696675344459
64;4.72171857157581
65;6.47652343747124
66;4.62675580322975
67;86.0702643898517
68;86.0702643898517
69;37.7265065526691
70;1.64164376709016
71;-6.27335383085693
72;-5.9202178447358
73;5.62113256096726
74;15.7579251194565
75;4.21075873518479
76;0.821567437002312
77;10.3158123691232
78;4.05673233025112
79;-5.82782914621562
80;6.2145026697545
81;89.9523481317433
82;4.25147794195494
83;15.0076705330581
84;7.48334253628902
85;7.96640909179266
86;49.1380604112409
87;12.5741577266447
88;32.2393005097382
89;32.5252322513526
90;19.463491919306
91;18.6949241466323
92;2.42626204135243
93;97.7749079374322
94;6.87248692553426
95;13.1177078348299
96;2.31817117387879
97;121.883272140748
98;2.56569972230914
99;0.869640494458038
100;186.623672347708
101;3.72228944636918
102;7.56362365384168
103;24.2650342922877
104;11.1421836851615
105;4.16555480649128
106;-34.7873836542572
107;-4.38290913937144
108;25.1087108197395
109;2.78587753445264
110;17.5708208270336
111;18.9283150187787
112;17.3940717329137
113;20.4567490221869
114;-4.97467321893015
115;-0.84728928379478
116;19.463491919306
117;9.7575633501797
118;-8.37466289612747
119;9.85618174020778
120;10.399731848393
121;18.2638309370249
122;18.8357220793932
123;38.4047421996589
124;193.106969990311
125;17.3410263307831
126;12.5741577266447
127;41.7087537031158
128;6.21094073125847
129;24.9674291420208
130;86.1171859465965
131;14.9664219723487
132;285.62950926667
133;6.98671398484855
134;16.5775637241527
135;20.5036705789317
136;4.1719964410649
137;46.4348764788299
138;18.1638639781495
139;6.59163635516736
140;19.1452934225803
141;0.124913765711101
142;1.43586880767999
143;4.81423469578777
144;6.08729999545709
145;4.65009753105457
146;37.8153576179436
147;11.2749229012934
148;-8.96108172429447
149;19.9131989140017
150;14.3386388942556
151;18.5171563731698
152;20.8595344601379
153;3.37101289800936
154;10.8855602988801
155;-8.10979344950743
156;36.6100064445987
157;0.98549429535059
158;-14.5647688194271
159;9.7376391429418
160;17.5377348470052
161;13.8793217559783
162;20.3930540376612
163;5.01804723913799
164;47.1453100275866
165;7.72787780203824
166;82.8927113258735
167;33.661065833936
168;6.63607916563779
169;16.7183283943869
170;20.9672131503438
171;3.52113639445419
172;21.8527915630189
173;20.3629059086974
174;28.1223203107702
175;49.1464541739003
176;15.7719928482507
177;-4.50702910606245
178;7.46688209649491
179;19.9601204707465
180;81.5741024028354
181;16.867788396193
182;80.5706531394654
183;13.5674148295256
184;9.78503724697202
185;153.462207892883
186;1.52684805196097
187;8.90984619407158
188;13.1177078348299
189;3.5330061636707
190;97.9303975570774
191;33.5928758880998
192;-2.96231748375501
193;28.5381891230781
194;7.96351064793539
195;12.2182938454384
196;13.5776390252467
197;248.277728973137
198;10.8593624773084
199;23.6244320033195
200;45.9250678211445
201;5.97989488603077
202;106.127010327744
203;14.6958297647393
204;-2.24458959315357
205;4.7735158211946
206;51.5036323746065
207;13.1646293915746
208;116.534009584923
209;8.0133306485374
210;98.0668742126628
211;3.35834983350448
212;0.937947841610767
213;21.0808564402297
214;90.4958982399285
215;24.8936116087675
216;17.9763841352188
217;59.5875702991502
218;0.839259695073112
219;90.8785021622269
220;-5.0215947756749
221;1.28896668976884
222;3.25132651841481
223;92.3507064414066
224;12.6398567111137
225;4.46259624771634
226;8.31906390570542
227;21.863728695878
228;20.0623482923716
229;-13.7822852462077
230;89.0500356984945
231;42.7671697756443
232;-10.0896278148104
233;2.69457264265031
234;80.2725664701318
235;7.76970057557053
236;26.5551652140848
237;17.3940717329137
238;3.44693212822639
239;-3.59843722531391
240;2.52010515484192
241;68.3901153839779
242;21.436720321436
243;11.0597229575387
244;9.80042101224653
245;25.1612392143857
246;17.091333769591
247;5.93007488542875
248;49.849946759162
249;12.6680008401341
250;5.40167656815461
251;1.62846530218179
252;4.12512306125997
253;88.1535201529604
254;85.5490867236267
255;115.399287963696
256;11.2797324360335
257;7.68879942138249
258;83.4019736829475
259;8.21942390450138
260;58.8453364813741
261;24.5707675494557
262;10.3528102916482
263;13.9449545823135
264;-6.6520841658947
265;228.89722512257
266;5.5169401689571
267;101.046645521306
268;17.729755367929
269;9.35955318876731
270;1.33298980265631
271;17.3695226181292
272;9.3961466615862
273;-8.44361137908838
274;7.91658909119064
275;102.964047373662
276;13.4798090560819
277;23.7205743840002
278;109.6777527509
279;9.02339194961229
280;30.9771277232881
281;3.72781710923831
282;-0.0208155233654645
283;114.304735896866
284;1.43457639305124
285;7.91658909119064
286;3.07142939975846
287;63.7860526131968
288;279.784476151351
289;15.940170502478
290;80.2725664701318
291;-4.42822466688766
292;8.50995919997787
293;-10.6779312597556
294;119.845471110828
295;8.16906372983997
296;-1.76000576653596
297;9.38225180902104
298;88.5181175771466
299;7.40703977504354
300;0.395724722703069
301;13.2089631278983
302;65.8629567873012
303;-9.76101598326134
304;122.433453180059
305;6.3405076299744
306;22.4281760458234
307;168.543575753824
308;8.41321764263111
309;2.95030357678592
310;85.360108082019
311;20.9064560168827
312;25.5640246523367
313;-2.10192063986701
314;30.0619129597874
315;15.3900681773785
316;28.3490674965042
317;83.3005863247969
318;64.9775203630388
319;3.23183291725439
320;-3.13884335730378
321;2.73520436581392
322;13.9449545823135
323;-14.3063171785145
324;3.17686628867707
325;-1.85777238605614
326;7.32804097249906
327;14.0640433809661
328;134.047377305223
329;9.00658775141835
330;101.449430959257
331;8.71603612170673
332;2.09068726714713
333;233.742014776763
334;34.6788115115612
335;19.9131989140017
336;45.9719893778892
337;19.9601204707465
338;96.3036184804978
339;19.3696488058165
340;34.4074957931551
341;2.68154018846813
342;20.8595344601379
343;16.186060509885
344;116.156113549165
345;55.7652072525453
346;2.97390097986541
347;-2.12261839012314
348;18.4702348164251
349;8.71603612170673
350;32.7902003145037
351;26.2731759890662
352;21.3302009085421
353;18.6193841947949
354;1.32830546072171
355;19.9131989140017
356;9.85618174020778
357;116.181159578254
358;12.0397434023625
359;7.82308251466859
360;0.625849373090253
361;231.601756011183
362;2.45367502534544
363;-0.369746546342115
364;5.31508868036305
365;27.4313183311599
366;6.93325562252936
367;3.77115759230481
368;0.828285519557373
369;4.22086458700054
370;82.0600871040479
371;7.32219392022999
372;7.91658909119064
373;6.03745749293353
374;15.5421568900681
375;32.0043856182072
376;18.7048426001488
377;17.2667541954462
378;1.03194152075855
379;47.5118803433139
380;99.7447735777001
381;7.41996053975017
382;19.7663103983816
383;4.72949270830713
384;84.5363556226428
385;6.58392854689757
386;329.410143992906
387;3.91920970926765
388;3.94356067966686
389;2.4252934475823
390;88.3187993633303
391;45.7450327067901
392;36.8517997268297
393;23.5168472655733
394;24.6646106629452
395;13.6641563868724
396;21.8527915630189
397;21.8997131197636
398;8.20458736786919
399;3.57221478526894
400;14.8365944349736
401;26.6924395875504
402;106.104795160844
403;47.8230783066617
404;10.8494388430887
405;4.66805439423003
406;-13.2561906065989
407;45.2869121643633
408;42.7790756831349
409;37.2646285226962
410;1.26862707307801
411;8.93544924299094
412;7.06699510240121
413;12.7178208407362
414;13.1177078348299
415;243.598365833994
416;6.40764340423974
417;3.62385091691337
418;0.318491738108032
419;12.8905979004598
420;-2.56345555183471
421;29.4845246692143
422;118.946057121436
423;197.353368479678
424;-6.3201048388295
425;262.546218757141
426;2.4067534686007
427;0.991329780708834
428;-13.2856566947672
429;150.613254024158
430;90.1635238366846
431;12.02153460811
432;-11.028614635787
433;21.8527915630189
434;26.8260994422551
435;220.306890954471
436;13.6116279922262
437;116.089855744291
438;3.47531738603099
439;9.87888036046151
440;8.80923207479258
441;-11.7639837109104
442;85.8160177588663
443;91.8114242264146
444;3.51493371230262
445;14.9596089308471
446;9.92771300808908
447;4.5748300559557
448;13.9841020023269
449;20.1901377824101
450;19.4448781342177
451;-4.62156711616318
452;68.9791310783228
453;0.684279253533922
454;4.82043737793935
455;687.660301777143
456;12.8519545798449
457;-6.92623477798753
458;9.04318122423725
459;8.65101547385684
460;-34.118716688318
461;35.7922228295677
462;18.4702348164251
463;7.46688209649491
464;97.7749079374322
465;10.4096554826127
466;6.38970551434414
467;20.0677991609523
468;41.264193671035
469;7.8696675344459
470;-24.1102914289312
471;-0.970713007997706
472;3.68443835580739
473;53.4846706375855
474;0.419019924632272
475;106.21311806233
476;8.86292463732683
477;56.2278380726834
478;21.2452955900581
479;19.9330880778605
480;10.1690225401327
481;14.2682652343822
482;16.8591738332199
483;38.4487780678634
484;2.96981214953765
485;3.02450784301372
486;2.92446204737266
487;30.4651934651861
488;10.9234571764053
489;83.7483028355763
490;-6.98226745202353
491;17.3749790870386
492;-0.768608478262405
493;18.9199418111208
494;-13.6951121965882
495;16.4107382642524
496;9.85618174020778
497;1.46147173988013
498;15.2940755664006
499;11.5199423030206
500;17.7047724557662
501;2.55041658269221
502;12.0300764098721
503;21.8527915630189
504;45.8322095894268
505;8.58149046785918
506;-2.61435801379006
507;-4.06102186163588
508;9.90310329695252
509;28.2761683553613
510;13.2115509483194
511;13.1177078348299
512;228.831360447435
513;19.9463581198291
514;18.4702348164251
515;83.676739313004
516;14.1607849383128
517;13.7110779436171
518;19.2835174236575
519;-18.1212990996223
520;60.8031994316019
521;15.0689604174101
522;81.3371696262404
523;15.7123165149946
524;23.6713535600643
525;11.8037070453388
526;11.7481193739515
527;24.0741389980153
528;28.2810440482354
529;22.362340879166
530;23.6721719205577
531;5.7198513673308
532;18.0812849551904
533;-21.7535102550533
534;-6.13549850158025
535;5.7198513673308
536;9.51872488798653
537;16.7232040872609
538;19.463491919306
539;13.1646293915746
540;-3.30783222389643
541;13.0707862780851
542;13.5674148295256
543;28.1771902283196
544;-16.3348868512738
545;3.96331201256132
546;-4.46598863866851
547;48.7550368446583
548;129.624057153235
549;4.87025737854137
550;28.0364255580853
551;4.58385234519884
552;49.7337198290135
553;32.8670814158081
554;88.1728444590864
555;9.94186559107241
556;5.06482767627069
557;112.43662785908
558;6.37365803473861
559;27.2402930648729
560;9.91869443879529
561;18.7043256197307
562;12.6210792833894
563;23.2216465653686
564;9.50321630285882
565;7.63159298322696
566;0.984869398355512
567;16.944364738218
568;-0.772805514273758
569;-0.355737700032287
570;-5.2112068242251
571;94.9971687848109
572;16.4477361867775
573;278.965173743861
574;-1.77123764225344
575;17.2667541954462
576;20.9672131503438
577;25.580333040741
578;7.8696675344459
579;13.6612579430151
580;46.8506668777675
581;31.0029602469931
582;13.6612579430151
583;13.5674148295256
584;21.9243228309002
585;88.7964118345794
586;0.610631418778295
587;24.3643636700556
588;78.8767326263484
589;-1.19512792209991
590;7.56362365384168
591;-2.36894737496777
592;-12.0126461172683
593;45.1178874131807
594;19.9215721216596
595;40.5969158116465
596;5.7198513673308
597;-0.707194702231273
598;18.9001868562047
599;2.42013819596656
600;7.91658909119064
601;102.676813182167
602;50.1067596150525
603;-19.5624672857023
604;22.3271082688512
605;13.8433373320926
606;6.77137933708336
607;-12.9740020942377
608;20.0070420274912
609;15.1816908778878
610;-0.604656257169946
611;8.36629608588636
612;-0.692536205006138
613;1.9765550466567
614;107.853815085298
615;13.7716366829417
616;25.2524476764772
617;7.87612791679921
618;8.56542717225884
619;29.3376361535942
620;18.4511842256988
621;9.40647474551205
622;33.1770675462738
623;12.5334735099457
624;4.3685681905861
625;46.1333973463529
626;17.6132063272074
627;20.7126459445178
628;17.816734898921
629;14.9712976652228
630;7.91658909119064
631;4.49000923170935
632;6.11776111240773
633;4.20894118945269
634;20.9561554438616
635;86.5357128953822
636;8.73278259816076
637;19.4165703625613
638;18.0205278217293
639;84.0572451600378
640;7.8696675344459
641;38.4988601597927
642;20.3629059086974
643;32.6790788490792
644;56.8574672443399
645;21.9466346765084
646;79.850272459429
647;-2.99631827579312
648;7.37303898300542
649;3.76122684129087
650;6.37978188012448
651;19.3204411236143
652;7.60764676672915
653;58.2459305523512
654;8.71047627786631
655;3.66149527025141
656;85.052492746835
657;5.80910955117711
658;29.6722108961933
659;29.0348176745186
660;11.6278221805085
661;83.1578311706463
662;7.71628920731235
663;19.3696488058165
664;5.68201644891436
665;-5.87536174901697
666;0.343552670650113
667;1.91012491716023
668;-1.57417935416437
669;19.9131989140017
670;17.3940717329137
671;1.39443633309027
672;436.715546418982
673;13.1646293915746
674;7.91658909119064
675;10.7721367010063
676;60.9908856585808
677;8.61234872900359
678;3.94356067966686
679;0.472827432788156
680;-21.5841357895237
681;-2.40058579209558
682;17.4168247686565
683;5.37963899473447
684;14.4143004242709
685;16.1876990509083
686;8.36307068435777
687;0.297144418052178
688;8.55324885433665
689;16.5596002856448
690;7.20063589564337
691;7.60698327209039
692;3.72423603556007
693;-3.36563899065296
694;24.1679821115048
695;6.58915760889304
696;20.5146077117908
697;18.4342503925394
698;7.02007354565646
699;33.3766307319552
700;56.9071334369018
701;87.9658339259814
702;120.389021219013
703;-5.24702466804154
704;83.0177299950509
705;5.43344633398828
706;13.1646293915746
707;-2.6967384643859
708;12.1894169643097
709;6.33866515150631
710;24.6646106629452
711;-5.79757251026963
712;14.3248460246108
713;-0.06015429431834
714;2.95030357678592
715;11.4089904822682
716;20.5857308994503
717;33.7669075824674
718;95.1473500903083
719;-6.07929521097971
720;-8.32421775009696
721;-3.79312041461213
722;18.5572893697206
723;36.3553828201317
724;5.3199643732371
725;20.6058984005568
726;142.256252773443
727;21.9466346765084
728;28.9409745610291
729;19.9131989140017
730;3.77538302543961
731;19.7607455093918
732;2.44027537501947
733;15.8236862305366
734;26.5572817552176
735;113.928529246687
736;-3.19336701582637
737;0.937947841610767
738;9.71618667327222
739;22.2801867121064
740;9.12231120528582
741;50.4118028613472
742;10.368318876776
743;3.41403852347759
744;8.01043220468013
745;12.6708992839914
746;85.7101750755107
747;25.114317657641
748;14.1955892996537
749;15.9483297651028
750;8.87810626478323
751;2.97395509030336
752;14.1820550154575
753;16.6088725315176
754;-6.24094166214637
755;36.0165296391607
756;96.3505400372425
757;9.85618174020778
758;7.46688209649491
759;-8.0072838036921
760;24.1181457766676
761;30.3308932564751
762;60.6075185746338
763;12.6680008401341
764;10.6239522723421
765;15.057300483847
766;12.1244507319489
767;6.01779415353237
768;-1.12672054358666
769;-2.41586893171251
770;3.92102338854789
771;3.11264122021823
772;12.2211922892957
773;5.52065851635229
774;29.8729719595697
775;8.97892676811048
776;85.0055711900903
777;-6.92623477798753
778;20.9064560168827
779;13.5674148295256
780;-11.7170621541657
781;1.38185794859194
782;8.41321764263111
783;7.0105441706737
784;11.3615759796569
785;-4.41028754871569
786;13.4679648781347
787;4.86115625253252
788;28.6189488622107
789;29.9952302539934
790;19.9601204707465
791;17.0085530664272
792;54.6696515021397
793;-6.31716460561349
794;4.71497595097478
795;4.36742614494933
796;3.00012357738794
797;79.7759379186913
798;16.7466361660434
799;9.512931699583
800;4.17394303025579
801;8.20083193187564
802;111.776862029796
803;88.9561925850051
804;18.3763917029356
805;8.76877090040115
806;284.340017335595
807;7.56362365384168
808;39.774078690805
809;20.9064560168827
810;124.532201119034
811;3.88371835821548
812;11.3559910287488
813;11.8221149028378
814;7.37303898300542
815;12.1115299672423
816;-0.250738965154601
817;9.97211226926248
818;-12.3892475068991
819;2.57480084831799
820;278.683644403392
821;3.7026199392816
822;4.67057158169627
823;35.7942629392566
824;21.745186098612
825;19.7663103983816
826;7.30156831147617
827;5.26104324662623
828;3.90836032404301
829;14.0857192525477
830;7.02007354565646
831;6.47652343747124
832;18.4233132596803
833;4.98663778314983
834;26.1204955252285
835;25.0178398927535
836;18.894472653951
837;2.63059381403243
838;10.8181084281867
839;17.2667541954462
840;7.20063589564337
841;22.7768152635469
842;0.247836175476762
843;51.058318092593
844;-0.0179170795081934
845;-2.04914362581792
846;20.4098274654422
847;3.88371835821548
848;-1.0421059817978
849;-10.5314303982648
850;16.6057676284762
851;12.7385318653047
852;4.27978571361141
853;30.4803532582812
854;12.1713722886937
855;117.823704997295
856;100.471748841407
857;32.178843131358
858;13.5776390252467
859;44.6209318414154
860;107.667586947767
861;18.4600919219526
862;7.46688209649491
863;-3.16794082890596
864;22.2801867121064
865;7.97707264387221
866;20.108676559995
867;-3.97508315938768
868;45.2443350464478
869;40.5134487631191
870;7.33245723499092
871;84.6410858938423
872;14.2708575377671
873;18.4702348164251
874;3.72423603556007
875;7.8696675344459
876;-1.26337721509548
877;14.4228718641635
878;1.2321430954023
879;25.114317657641
880;5.93007488542875
881;-3.43153305120246
882;15.4435419510375
883;28.0753987540255
884;24.6646106629452
885;-4.83681737863452
886;5.16720013313674
887;5.49682833052713
888;-0.652625928508403
889;123.367344113661
890;4.72659426444986
891;11.6278221805085
892;2.12021816074821
893;1.55426103595399
894;12.7647423974809
895;3.1189451936724
896;8.76877090040115
897;8.95676775081633
898;15.8214858911814
899;13.2584725050641
900;-6.55807774625719
901;6.75515433408244
902;56.3996569338755
903;18.4233132596803
904;-1.31029877184023
905;13.0707862780851
906;89.949449687886
907;12.0743037736756
908;17.6578508990215
909;37.2430001898278
910;12.6680008401341
911;4.22086458700054
912;2.20034958920053
913;57.7954184212604
914;45.6584021069969
915;1.53131795039801
916;23.9012248938597
917;25.5227971489594
918;-2.86847437026551
919;6.97025354505444
920;1.33507901683436
921;16.3724330522696
922;3.3490948746268
923;56.6329340743786
924;3.42109059881313
925;1.93249735912047
926;202.685250439861
927;8.56878163995905
928;35.217677916658
929;18.5779135066309
930;0.700575154969453
931;3.93313279493058
932;-13.6618860510432
933;-9.17379141404446
934;12.2211922892957
935;-6.8426891056488
936;100.315409186141
937;84.2000003141883
938;10.5287821695751
939;6.82846381264679
940;14.8725788588592
941;28.5381891230781
942;15.4210046599185
943;17.6226180766524
944;8.66911456496198
945;12.96855845646
946;33.1080641528884
947;7.46688209649491
948;35.83709250691
949;90.352235125837
950;8.66262475344854
951;10.8494388430887
952;94.6924767286938
953;0.674342384414763
954;53.3619973113621
955;-5.3211048006223
956;48.1251447098246
957;12.0804937771954
958;7.65083583620569
959;1.33588824651359
960;7.81597497191164
961;16.944364738218
962;24.6176891062005
963;21.4969276818126
964;29.2203945756833
965;101.149183966367
966;17.6695396333971
967;21.436720321436
968;25.0178398927535
969;58.1103816854218
970;1.17875830748607
971;91.8107903652564
972;8.0133306485374
973;26.2427325928547
974;3.28204717709331
975;35.3087090021158
976;3.46478675402928
977;-3.29867279220951
978;3.42439483710742
979;-4.98566379154869
980;18.1026822008432
981;-23.533027807542
982;-3.37508745158164
983;5.93007488542875
984;19.9131989140017
985;12.5832935105477
986;123.024550036926
987;-30.444524990244
988;8.27142791022346
989;3.27491629779099
990;-2.25559568872655
991;9.40647474551205
992;86.5357128953822
993;15.8707116546142
994;7.74289977006278
995;-14.2519199815363
996;10.2053584223342
997;57.417523747893
998;-8.31333712714646
999;41.5724251807914
1000;-5.31259998196441
1001;1.42588106147941
1002;16.7701256440057
1003;223.830212371299
1004;16.0716424744191
1005;18.6132931272553
1006;13.79861226808
1007;1.56291324444544
1008;-13.1259380446358
1009;14.1607849383128
1010;6.87641043156495
1011;-3.77792106658765
1012;6.46070422890734
1013;31.4294751689061
1014;14.5762630742493
1015;79.7759379186913
1016;24.1679821115048
1017;4.72949270830713
1018;14.1109649377108
1019;27.578770202585
1020;22.8989626166503
1021;8.05735376142488
1022;6.06761415413439
1023;0.434858907816983
1024;229.074882637656
1025;9.89277521302667
1026;8.77898327106363
1027;49.8311536683421
1028;109.865753079763
1029;13.295583677766
1030;17.2757140792885
1031;17.2198326387014
1032;3.3712705982111
1033;68.3901153839779
1034;5.93007488542875
1035;16.5312405864516
1036;15.2393798729246
1037;28.1402793780012
1038;3.02120360471943
1039;6.12263680528178
1040;29.5635143901269
1041;-2.23608711597482
1042;10.8769469980826
1043;5.84615540615892
1044;123.799252594559
1045;8.90984619407158
1046;21.1947347670807
1047;6.92333198830969
1048;13.8679724458514
1049;8.90984619407158
1050;5.87705067789296
1051;20.9064560168827
1052;12.6680008401341
1053;2.330066876412
1054;17.7273097468852
1055;118.946057121436
1056;28.0697644759612
1057;18.9000794918525
1058;6.16955836202653
1059;16.5775637241527
1060;0.727724323512821
1061;12.7795492546152
1062;5.66482871618341
1063;-5.67650977302873
1064;-0.121401781835741
1065;2.54359463280425
1066;19.5072134144655
1067;-17.8430947142268
1068;4.71749313844101
1069;-20.0288480433136
1070;5.97989488603077
1071;29.0348176745186
1072;-4.52262024642692
1073;5.53018789133504
1074;94.4109473882254
1075;25.8040252763334
1076;-13.6844106606468
1077;21.4662285556733
1078;1.52229566115486
1079;6.92333198830969
1080;18.9199418111208
1081;9.28651627084717
1082;2.7771145319459
1083;23.5775104465748
1084;59.2391876552321
1085;8.46303764323313
1086;16.7701256440057
1087;7.8696675344459
1088;21.8527915630189
1089;7.91658909119064
1090;6.47362499361397
1091;24.6176891062005
1092;45.9250678211445
1093;16.591399300869
1094;4.69887935335274
1095;9.95292329755454
1096;3.82097759290683
1097;1.88271193316721
1098;9.95002485369727
1099;15.8544866516133
1100;13.636012257852
1101;25.1417904169371
1102;13.6667940311923
1103;20.8595344601379
1104;42.9710999644329
1105;14.5762630742493
1106;8.80923207479258
1107;0.216690704215535
1108;18.8006295404616
1109;-30.5953952714899
1110;11.2477368935199
1111;11.6149014158018
1112;4.50819081518357
1113;35.9789261222174
1114;7.77190091492571
1115;8.11298378996797
1116;8.5070607561206
1117;1.55715947981127
1118;30.374064886378
1119;5.6204690663285
1120;3.92102338854789
1121;41.6193467375362
1122;436.704414229115
1123;5.42052556928165
1124;91.497606209079
1125;7.91627846775445
1126;37.4341886585427
1127;83.1202684401122
1128;3.66741191819733
1129;7.38806324554843
1130;14.1955892996537
1131;6.30122190625192
1132;8.41321764263111
1133;27.578770202585
1134;7.39088218412966
1135;12.7415336814889
1136;19.4275074954203
1137;-0.902004806202329
1138;5.53018789133504
1139;12.2730556970484
1140;3.21468671941296
1141;12.9708193192098
1142;-1.32216993543491
1143;-20.0227241979277
1144;-3.3440228943745
1145;18.3067241527694
1146;15.7400532810425
1147;15.2393798729246
1148;8.94860848819147
1149;8.44031540847341
1150;1.73117982464097
1151;0.950868606317395
1152;1.83251679795406
1153;-12.8948945862079
1154;19.9131989140017
1155;8.20083193187564
1156;-3.40254861262969
1157;8.46013919937585
1158;7.8693569110097
1159;8.9596661946736
1160;18.0674493784741
1161;21.8527915630189
1162;20.6093139270344
1163;34.9322091177876
1164;18.4702348164251
1165;5.08048089663932
1166;9.50321630285882
1167;114.222953144149
1168;36.0290970885575
1169;3.66149527025141
1170;223.639067952531
1171;37.043083202345
1172;-20.1251047286926
1173;49.2402972873898
1174;16.1278567294569
1175;18.4702348164251
1176;8.90984619407158
1177;9.94300100806571
1178;2.45367502534544
1179;61.2005919204058
1180;-3.13003117532303
1181;10.8457407825688
1182;8.62220934245236
1183;3.44693212822639
1184;20.2609996772602
1185;18.1680041916879
1186;7.46978054035219
1187;13.2270241377494
1188;62.5383349633434
1189;143.073194117628
1190;7.37303898300542
1191;259.498182038122
1192;89.0031141417498
1193;9.99984485429929
1194;9.36947682298696
1195;14.0640433809661
1196;0.839259695073112
1197;20.9064560168827
1198;11.1422561959098
1199;5.47424404534715
1200;3.07417696334229
1201;105.112757686285
1202;86.0648732965742
1203;26.1728553112096
1204;9.0535093081631
1205;-3.67827067930227
1206;83.7265593136061
1207;11.626863276469
1208;15.9041860785923
1209;16.8974431814732
1210;5.83151740819997
1211;18.9308789439799
1212;18.1699878235354
1213;9.81469790684617
1214;-1.35171180089806
1215;10.754076668618
1216;5.3736040125369
1217;13.5674148295256
1218;33.9110521853554
1219;90.3201887317773
1220;33.2256724348893
1221;-2.77098416004804
1222;-4.57483015933478
1223;14.3946615770092
1224;276.881739524456
1225;25.0363896600553
1226;11.5108472882134
1227;14.3216745877454
1228;16.0680339155316
1229;6.48716448762927
1230;-5.34653886366059
1231;13.6143363862703
1232;4.76541472679196
1233;24.6176891062005
1234;12.5832935105477
1235;0.26722391656867
1236;-1.97696479211535
1237;19.0407104129861
1238;28.6189488622107
1239;-2.29746351537458
1240;13.0482466897258
1241;0.555753437764832
1242;11.3774033986212
1243;9.3099974322648
1244;91.1606062282814
1245;45.0789431113071
1246;15.2694987067953
1247;7.02007354565646
1248;85.314478939903
1249;84.402465191016
1250;8.16445367475865
1251;20.7595675012626
1252;8.41321764263111
1253;6.16955836202653
1254;29.719132452938
1255;8.82467899828567
1256;0.303978837166673
1257;110.174695404224
1258;4.81846012892257
1259;13.8679724458514
1260;7.4950238205052
1261;18.9308789439799
1262;82.5967629736257
1263;18.0753546936206
1264;36.015442555946
1265;2.43488934612045
1266;8.41321764263111
1267;8.0133306485374
1268;4.52790849921095
1269;91.2587824413652
1270;277.643883234441
1271;3.56333783550575
1272;28.7810567674922
1273;20.5857308994503
1274;29.8653292656122
1275;26.4233140043042
1276;9.45629474611407
1277;-3.71149093709118
1278;-6.18430407347846
1279;5.13097294573687
1280;0.987767842212792
1281;5.7198513673308
1282;1.24109327835771
1283;10.3304984460401
1284;9.42770533850184
1285;28.8937416856695
1286;15.3361214302713
1287;0.389552700377385
1288;19.9131989140017
1289;37.515657774036
1290;-2.99631827579312
1291;5.53018789133504
1292;9.68523726136404
1293;28.8086019768414
1294;119.395764116132
1295;6.20737879276243
1296;-0.170362676601116
1297;13.5674148295256
1298;20.9064560168827
1299;4.76731313904303
1300;59.2579705530214
1301;-1.47546054780082
1302;4.5748300559557
1303;91.8107903652564
1304;34.4500608742916
1305;43.1947525072854
1306;1.14138006964664
1307;19.4275074954203
1308;6.37978188012448
1309;8.41321764263111
1310;4.65753930177836
1311;9.00658775141835
1312;9.85618174020778
1313;7.91658909119064
1314;13.1671174462804
1315;9.90310329695252
1316;224.729626360691
1317;26.936451042998
1318;14.6958297647393
1319;20.6698633207959
1320;24.0880407328656
1321;-3.23051027379743
1322;33.9523063636428
1323;115.637609470069
1324;13.5585756583091
1325;12.3651660268234
1326;8.20101687551639
1327;7.97358465114703
1328;4.38034690965596
1329;25.4371617169528
1330;13.0669827625179
1331;19.6126412976759
1332;13.3082925056661
1333;24.3826301050356
1334;25.793025598159
1335;3.82976809547949
1336;-4.47108474523781
1337;4.2132713303117
1338;34.2600357355759
1339;0.386195347720309
1340;4.44018923110733
1341;-1.47388909322107
1342;18.4233132596803
1343;337.50172177431
1344;151.187984162248
1345;28.572027305466
1346;111.39728908598
1347;19.9601204707465
1348;7.91658909119064
1349;55.9565083214371
1350;90.4958982399285
1351;25.5697187057042
1352;3.54367368557316
1353;11.3739289186445
1354;14.0853134581107
1355;-5.94196136670605
1356;16.4966413753698
1357;15.0220388606653
1358;29.0295393182572
1359;-8.37949631671496
1360;39.5897777532416
1361;-9.8293200002902
1362;11.7714852946
1363;21.3561630115784
1364;6.02069259738965
1365;13.1177078348299
1366;28.759713532445
1367;25.0178398927535
1368;10.3627339258679
1369;10.3528102916482
1370;17.5377348470052
1371;4.75002634323228
1372;14.8612295487324
1373;6.1814011413253
1374;5.03355933989457
1375;5.42052556928165
1376;30.9781678588085
1377;18.4281265471535
1378;13.5919681682501
1379;5.38652477724353
1380;5.38652477724353
1381;11.8155084074874
1382;12.8458766830703
1383;23.8803289256504
1384;84.8634795305785
1385;6.61728810770548
1386;8.97946637107006
1387;24.6646106629452
1388;41.2556441412825
1389;262.409963435764
1390;5.35148859957262
1391;14.0857192525477
1392;28.0753987540255
1393;69.1538147139633
1394;21.0002991303722
1395;18.0946159803028
1396;13.0799220619882
1397;4.85090732517219
1398;60.487398696652
1399;37.7437101858818
1400;25.114317657641
1401;1.74194726293297
1402;30.121917890889
1403;8.29467504536513
1404;31.5362289850094
1405;10.3158123691232
1406;40.4300612502267
1407;14.9664219723487
1408;-5.29750536760448
1409;14.5606719324065
1410;107.853815085298
1411;126.032352746832
1412;12.6680008401341
1413;7.91658909119064
1414;7.00114661661643
1415;6.07083955566299
1416;16.8218075418148
1417;34.9322091177876
1418;116.827914029343
1419;31.9711577231853
1420;-0.487333989177505
1421;25.6578677658262
1422;50.5555189462073
1423;1.81124126163796
1424;18.7839904283598
1425;37.505719926424
1426;43.721560411521
1427;7.35090557707866
1428;9.91861188208024
1429;18.4702348164251
1430;223.830212371299
1431;90.4958982399285
1432;14.9081511054771
1433;7.05746572741845
1434;126.837033125114
1435;14.6075934891513
1436;86.5706445531862
1437;11.7714852946
1438;270.545567669363
1439;155.291603657759
1440;-59.7094902617742
1441;4.24917235865701
1442;25.0178398927535
1443;1.7826742954305
1444;2.85321721661599
1445;7.91658909119064
1446;12.2681138460404
1447;1.24109327835771
1448;5.45928786340153
1449;23.6244320033195
1450;13.2144493921766
1451;14.1820550154575
1452;17.5447600373676
1453;9.81918381768269
1454;11.5199423030206
1455;11.7921963191685
1456;0.963789371024027
1457;-2.78623541828646
1458;1.05763248451352
1459;6.93325562252936
1460;1.59108706434236
1461;8.36629608588636
1462;12.7149223968789
1463;19.931930201484
1464;-6.15664161096349
1465;8.55688075672262
1466;11.7362172885875
1467;1.14138006964664
1468;2.52010515484192
1469;21.5447557674737
1470;34.0163903369574
1471;49.1464541739003
1472;-1.30223495222796
1473;13.5674148295256
1474;29.0817392312633
1475;1.28147282994525
1476;6.87641043156495
1477;7.96351064793539
1478;31.4294751689061
1479;5.42052556928165
1480;8.41321764263111
1481;-4.12388251537316
1482;6.37978188012448
1483;7.51380365323966
1484;30.4212500717689
1485;252.836013246286
1486;4.39363609613054
1487;22.5051823530278
1488;4.25147794195494
1489;187.619506809681
1490;5.52082906512445
1491;55.9565083214371
1492;3.19424792331168
1493;3.41951914423337
1494;9.81918381768269
1495;12.7227626917442
1496;9.76202800328209
1497;0.717825698927853
1498;3.63461835520537
1499;39.1343649849636
1500;16.591399300869
1501;334.36769011472
1502;10.2835768892953
1503;5.7198513673308
1504;7.27307202413006
1505;23.1017778633436
1506;43.5600264697681
1507;12.6708992839914
1508;12.7178208407362
1509;5.17142556627153
1510;15.8256261047197
1511;0.272856129560306
1512;7.36011821829879
1513;9.46890488738451
1514;45.4744645546314
1515;5.17142556627153
1516;21.1219610222917
1517;2.62172240506274
1518;13.9780405623418
1519;118.364721240409
1520;16.780974200749
1521;10.3158123691232
1522;25.2533780913163
1523;4.71095113328381
1524;20.9672131503438
1525;11.5809006237637
1526;22.2801867121064
1527;24.5707675494557
1528;7.23745160057237
1529;-7.40799597553049
1530;5.66382868457721
1531;28.0415605716376
1532;12.2730556970484
1533;9.91869443879529
1534;241.386446913138
1535;21.4746158362044
1536;8.10717376202689
1537;-6.61306702039124
1538;2.66873111323706
1539;31.3856467997706
1540;4.58095390134157
1541;35.9411514548767
1542;19.9131989140017
1543;28.6658704189555
1544;3.63461835520537
1545;34.7078602956524
1546;-3.07065281653088
1547;-22.2021347928897
1548;16.4477361867775
1549;7.13371683554241
1550;7.51380365323966
1551;7.51670576865693
1552;20.1144320287734
1553;87.1531391730874
1554;11.8391178759132
1555;63.7634621674929
1556;12.5706487113831
1557;27.3271387142173
1558;10.9889935075088
1559;14.8725788588592
1560;20.8595344601379
1561;42.6353074021819
1562;32.7432715132291
1563;-12.8338965958962
1564;3.96464070699835
1565;14.5236740098815
1566;6.92333198830969
1567;-2.344968903779
1568;19.4165703625613
1569;19.9131989140017
1570;4.86115625253252
1571;24.2149036682495
1572;56.8493639285712
1573;11.8148449128487
1574;4.65136493604864
1575;48.2001186277641
1576;36.1126656020892
1577;15.6848614344855
1578;15.1233299020952
1579;-1.51935338617833
1580;1.57864530157977
1581;228.936187787104
1582;49.1464541739003
1583;2.51811467092564
1584;5.22322281589033
1585;17.6177423837783
1586;296.878899275289
1587;26.4523250157801
1588;7.96351064793539
1589;17.1680353890826
1590;87.0534676025813
1591;13.6641563868724
1592;201.666278052215
1593;9.51601649394238
1594;156.315084032584
1595;19.9131989140017
1596;2.89110248656474
1597;0.422945191799312
1598;3.01167422973666
1599;13.1177078348299
1600;6.36072184749499
1601;19.4275074954203
1602;11.2250367425575
1603;3.54367368557316
1604;9.84585365628193
1605;284.347976227805
1606;47.6602310864817
1607;41.1756018921575
1608;2.45367502534544
1609;9.56564644473128
1610;100.776398688655
1611;14.4143004242709
1612;2.27124961713404
1613;4.7735158211946
1614;14.6075934891513
1615;3.36547371049655
1616;13.9780405623418
1617;369.347584891567
1618;15.917633211359
1619;-7.43197444671925
1620;23.5437133394109
1621;-0.781368308633191
1622;35.8065818116119
1623;6.61438966384821
1624;22.3271082688512
1625;12.4747077752537
1626;8.20332186021465
1627;3.4272932809647
1628;26.0606532037772
1629;11.1810797878039
1630;-4.99575324626164
1631;12.5741577266447
1632;28.4507712079835
1633;84.0174474802851
1634;4.55354091734856
1635;81.0275652162795
1636;32.5432856987697
1637;-0.0766950516781602
1638;5.0442003900526
1639;-5.2112068242251
1640;6.37978188012448
1641;14.8612295487324
1642;7.91658909119064
1643;10.7447956286458
1644;1.99385000037181
1645;6.37978188012448
1646;-4.74163688978618
1647;18.3233463008049
1648;9.90310329695252
1649;17.5708208270336
1650;12.6845202743259
1651;17.5348364031479
1652;0.324824694769556
1653;19.9131989140017
1654;24.6176891062005
1655;-0.725883957529012
1656;22.2769153808004
1657;15.7579251194565
1658;-5.75940853280286
1659;2.92446204737266
1660;26.8871200478884
1661;-6.98226745202353
1662;8.51900740275227
1663;60.5814340809297
1664;113.730361816792
1665;0.198968029541129
1666;13.8542024125813
1667;14.5606719324065
1668;40.1209609064344
1669;2.47318359809717
1670;117.539870571691
1671;6.82846381264679
1672;13.1555180043803
1673;7.76970057557053
1674;6.12263680528178
1675;16.9912862949627
1676;20.1822333085469
1677;19.4409663694399
1678;12.5832935105477
1679;12.2211922892957
1680;6.92461191083454
1681;24.9679461495053
1682;42.0794495050918
1683;31.1620965505147
1684;1.18125095690633
1685;20.8436838037416
1686;19.7001508942053
1687;31.7236892772259
1688;117.230576490468
1689;13.7081794997598
1690;20.8595344601379
1691;-13.2856566947672
1692;29.293937791711
1693;16.6402981066305
1694;-0.064838636252939
1695;2.45367502534544
1696;46.018910934634
1697;13.2469854825315
1698;36.9844816638469
1699;-8.00927049555902
1700;-17.8178367049388
1701;21.3561630115784
1702;-7.9942542909942
1703;1.38670827872181
1704;2.92776628566695
1705;25.0267118841972
1706;1.97945349051398
1707;18.9308789439799
1708;3.54408633207889
1709;3.87700027566042
1710;17.3695226181292
1711;5.83355622942634
1712;53.4846706375855
1713;5.4832663345903
1714;9.81918381768269
1715;16.99418473882
1716;18.4702348164251
1717;13.79861226808
1718;101.402509402512
1719;17.7164611901419
1720;10.9351226939534
1721;0.0838839543843043
1722;23.8134719906328
1723;9.95292329755454
1724;90.4958982399285
1725;16.8825825425835
1726;4.04030223701363
1727;48.1712217807359
1728;136.28058885181
1729;13.1646293915746
1730;20.5242229576876
1731;12.2207819001442
1732;0.664826431208032
1733;5.76967136793282
1734;7.60764676672915
1735;9.52782601399538
1736;18.7786234043446
1737;1.7875418304002
1738;2.77790048942387
1739;4.47780431421367
1740;-4.52496622423443
1741;0.977406198357811
1742;20.7433701112684
1743;1.9765550466567
1744;8.43543971559936
1745;7.46688209649491
1746;10.5399357144492
1747;11.2250367425575
1748;15.327161546429
1749;2.13396526259195
1750;103.360833339011
1751;27.5142328940578
1752;11.3217782999042
1753;21.2485575471715
1754;9.81918381768269
1755;80.5558465399104
1756;9.99984485429929
1757;25.1612392143857
1758;-4.48692629131482
1759;19.9131989140017
1760;6.7082327773377
1761;1.19417172161296
1762;15.5225986203855
1763;33.7731460491052
1764;4.38034690965596
1765;19.2336974230555
1766;8.31906390570542
1767;20.6397756061467
1768;14.5001785914047
1769;-7.64517796262765
1770;9.7376391429418
1771;21.8997131197636
1772;6.47362499361397
1773;12.7178208407362
1774;4.68257115156239
1775;-9.95756886222933
1776;32.9140029725529
1777;2.37611508307909
1778;6.37978188012448
1779;37.6909473818767
1780;32.8012297342252
1781;57.417523747893
1782;299.764117610504
1783;16.9821537957667
1784;20.6397756061467
1785;102.348844948648
1786;17.0741922755931
1787;9.56355035422473
1788;114.147723815748
1789;29.7244203230799
1790;6.10728196157414
1791;5.7649729479028
1792;14.4807305537673
1793;7.96351064793539
1794;21.4030845683231
1795;96.3505400372425
1796;17.9944670320633
1797;13.636012257852
1798;-5.76230697666014
1799;47.5039679413548
1800;-9.16582955979317
1801;9.00658775141835
1802;3.09396669087743
1803;24.12106055476
1804;-14.9857158367906
1805;119.986235781062
1806;18.1680041916879
1807;12.8458766830703
1808;53.173460854668
1809;8.87810626478323
1810;27.5730738210957
1811;5.22124556687356
1812;1.94412570919834
1813;230.988714631688
1814;8.41321764263111
1815;20.9803030620032
1816;18.9778005007246
1817;55.1520024210721
1818;1.67051116605249
1819;26.1204955252285
1820;17.4370697836278
1821;8.71603612170673
1822;2.74926438348625
1823;7.8696675344459
1824;5.70015206218722
1825;121.431014317757
1826;-1.43184322935037
1827;3.17828042938416
1828;38.8437425400303
1829;9.35955318876731
1830;-6.64655865809448
1831;100.858959294327
1832;9.14636304130598
1833;8.46013919937585
1834;8.01043220468013
1835;-1.85777238605614
1836;19.0247220574694
1837;5.22322281589033
1838;0.565836502866713
1839;244.135938407035
1840;5.42052556928165
1841;6.37978188012448
1842;25.114317657641
1843;122.676093041101
1844;6.37978188012448
1845;1.06053092837079
1846;5.3736040125369
1847;5.60481403571754
1848;89.358978022956
1849;-1.1079157397359
1850;-2.4859312302938
1851;28.0415605716376
1852;15.8544866516133
1853;11.9004711046071
1854;36.9375601071022
1855;4.59771474466473
1856;4.50065028186737
1857;11.2250367425575
1858;3.44693212822639
1859;16.0748113273263
1860;48.9183553323219
1861;244.250936685521
1862;142.247513380852
1863;49.2402972873898
1864;4.27201157688008
1865;103.295180494784
1866;12.37808679153
1867;80.9320341593028
1868;1.73117982464097
1869;17.3160047049077
1870;1.73117982464097
1871;12.0804937771954
1872;14.5579635383624
1873;80.9320341593028
1874;-0.874719247901098
1875;21.3561630115784
1876;19.2696818469411
1877;9.87888036046151
1878;14.8663697938769
1879;-1.02836981072611
1880;1.19240180701713
1881;31.7588586235248
1882;9.00696012366188
1883;5.47216550502777
1884;3.94356067966686
1885;213.655496789153
1886;8.90984619407158
1887;-5.33821395041357
1888;7.40853455072563
1889;-37.2508874070107
1890;-16.7053067024458
1891;13.1671174462804
1892;44.2659441525721
1893;256.055166029562
1894;129.877115343253
1895;12.7149223968789
1896;6.47362499361397
1897;16.5444777441243
1898;-31.4491208261156
1899;225.249014898113
1900;11.3791776327864
1901;2.01701622104813
1902;19.463491919306
1903;4.82043737793935
1904;14.0082826530048
1905;17.1729110819567
1906;17.5238992702889
1907;-5.66675397617658
1908;13.8420103428151
1909;9.46890488738451
1910;31.4481547056312
1911;194.874159551966
1912;19.7193888416369
1913;33.6741515521926
1914;7.20063589564337
1915;9.85618174020778
1916;2.19455270148597
1917;23.1676061444446
1918;28.1084028784019
1919;8.58149046785918
1920;-0.686906465835026
1921;32.8670814158081
1922;8.10054283090141
1923;14.0082826530048
1924;-4.76747841919944
1925;9.50031785900154
1926;16.4477361867775
1927;7.91658909119064
1928;16.4107382642524
1929;23.6244320033195
1930;135.325794720527
1931;18.4100818715375
1932;-7.13878908311552
1933;48.0941715388597
1934;14.5772075588436
1935;104.328055195517
1936;-8.69159858211156
1937;-4.31856234483426
1938;6.28829940485349
1939;-6.70496354468985
1940;9.95292329755454
1941;19.9511380362517
1942;7.65083583620569
1943;20.9672131503438
1944;20.9064560168827
1945;-4.99575324626164
1946;2.4067534686007
1947;42.5571897572308
1948;16.6922676047209
1949;7.16938463142692
1950;4.0843253499011
1951;-0.207042809938451
1952;263.475856018477
1953;-3.45894603519548
1954;79.9401920668879
1955;21.4746158362044
1956;12.8020451305729
1957;-3.89127275282887
1958;-4.61321010628992
1959;10.2570212075155
1960;4.67057158169627
1961;10.4208532621131
1962;123.947595914699
1963;-16.878436959459
1964;-21.0184574584423
1965;-4.60219920882947
1966;207.897132180672
1967;2.33528279707145
1968;13.6221766811356
1969;10.8593624773084
1970;-1.16850585843744
1971;13.2613709489214
1972;58.4496447981766
1973;19.77014811831
1974;284.30105467106
1975;10.4650604341227
1976;31.0797797738049
1977;83.8637620453443
1978;25.6578677658262
1979;6.09844862412907
1980;3.41951914423337
1981;7.96351064793539
1982;3.18780980436692
1983;48.5696185468105
1984;23.3424514454099
1985;14.1955892996537
1986;4.53701689366176
1987;22.9803502241579
1988;0.323367430982082
1989;4.80398576842744
1990;5.22124556687356
1991;-7.71640507986318
1992;12.0914309100545
1993;13.9206352559006
1994;96.3505400372425
1995;8.3166989866287
1996;9.30120564299802
1997;16.8477437544943
1998;13.3082925056661
1999;-2.17655785096906
2000;23.5775104465748
2001;20.4567490221869
2002;14.1560312684481
2003;-0.301073438105733
2004;20.0677991609523
2005;20.6613322068778
2006;16.8974431814732
2007;13.2144493921766
2008;39.8625977533469
2009;206.841557600766
2010;8.36629608588636
2011;17.1729110819567
2012;269.515712144812
2013;26.617124076669
2014;88.1065985962156
2015;17.6132063272074
2016;0.891026284866021
2017;10.368318876776
2018;8.0133306485374
2019;14.1607849383128
2020;9.90310329695252
2021;143.719659449592
2022;27.1429531605751
2023;12.8050330231002
2024;22.3271082688512
2025;14.1607849383128
2026;9.81928250431238
2027;3.51336225772286
2028;56.3217997354641
2029;3.21468671941296
2030;11.8624299642322
2031;56.2278380726834
2032;26.0606532037772
2033;24.71153221969
2034;-5.51822332711537
2035;12.4272692110245
2036;6.93689398424652
2037;2.37968557543189
2038;5.72274981118808
2039;15.0203025613219
2040;9.14636304130598
2041;3.96331201256132
2042;4.86115625253252
2043;29.0348176745186
2044;0.125916583355493
2045;31.1178923935223
2046;12.1187512952515
2047;-1.70703961315732
2048;8.90984619407158
2049;19.280753590418
2050;9.10043086490784
2051;1.03468939895754
2052;-5.45158450057035
2053;57.7596590615759
2054;2.55041658269221
2055;7.02007354565646
2056;3.17873933818396
2057;4.11733568962914
2058;115.050310893422
2059;20.9672131503438
2060;13.8420103428151
2061;0.521320444112656
2062;34.5013389066446
2063;1.63331395569313
2064;15.2351544397898
2065;26.0606532037772
2066;9.84734256899128
2067;13.636012257852
2068;9.95292329755454
2069;20.9672131503438
2070;18.5171563731698
2071;7.13371683554241
2072;19.9601204707465
2073;19.5694353891523
2074;50.6450380448453
2075;1.88428338774697
2076;12.2182938454384
2077;9.88079145134434
2078;85.950579746949
2079;0.791386283661981
2080;86.5357128953822
2081;-5.3662436253991
2082;26.3006538277739
2083;18.5171563731698
2084;11.1535660710282
2085;13.9731648694678
2086;22.6651593582416
2087;7.96351064793539
2088;19.463491919306
2089;18.4702348164251
2090;1.21210830234551
2091;26.533665605047
2092;8.90984619407158
2093;15.65943208234
2094;12.1244507319489
2095;-1.84834035233853
2096;26.1204955252285
2097;2.54359463280425
2098;7.49294734852126
2099;19.7067950346016
2100;16.788739429094
2101;0.878105520159393
2102;0.386654256520111
2103;-4.86388680857734
2104;13.7921903422131
2105;3.42439483710742
2106;3.09396669087743
2107;12.8679615473891
2108;114.153161539131
2109;31.1490131761578
2110;-6.88572853936266
2111;5.07095152165656
2112;4.68257115156239
2113;80.5706531394654
2114;8.10717376202689
2115;-5.25402240208441
2116;27.3124148473879
2117;128.971215012585
2118;11.6747437372532
2119;-6.69884241649143
2120;170.502565340331
2121;21.8527915630189
2122;-5.17847947775517
2123;9.85618174020778
2124;6.11527816387436
2125;-2.92752577138634
2126;1.9765550466567
2127;10.371880815272
2128;65.9414998290429
2129;4.96397591515725
2130;6.11527816387436
2131;20.1008851409807
2132;12.7390909178808
2133;100.563263718349
2134;-16.7005616070132
2135;14.8365944349736
2136;22.9548893477235
2137;21.3561630115784
2138;-5.56808726221571
2139;-5.80136724524398
2140;23.8860015535951
2141;-1.09419550626711
2142;13.6612579430151
2143;114.738195480678
2144;4.27201157688008
2145;4.02569291549482
2146;187.619506809681
2147;4.89814322153295
2148;31.9706268908489
2149;-12.6760212331853
2150;8.48723696521816
2151;9.71618667327222
2152;-2.94123745642352
2153;8.50995919997787
2154;30.0318323126723
2155;4.76731313904303
2156;8.96573433078684
2157;54.4489454532663
2158;5.21834712301628
2159;-0.103802272594678
2160;6.25430034950718
2161;14.8612295487324
2162;12.2207819001442
2163;6.42277993083854
2164;3.47778533006225
2165;3.77083063463349
2166;15.2896056679636
2167;6.25719879336445
2168;9.95292329755454
2169;120.482864332502
2170;196.630291407139
2171;15.9127575184849
2172;8.55398231286534
2173;18.1282065119352
2174;3.18491136050964
2175;25.1612392143857
2176;7.8696675344459
2177;25.2376926970029
2178;2.18548223530302
2179;84.6410858938423
2180;24.8323370997313
2181;4.98663778314983
2182;69.1538147139633
2183;52.3281239368741
2184;8.9596661946736
2185;7.30156831147617
2186;11.2279351864147
2187;40.8599689013613
2188;138.338674417081
2189;5.45121232974716
2190;34.8438354040291
2191;-0.364251585731666
2192;1.02516002397477
2193;27.6860083978417
2194;138.833642947925
2195;123.519852934076
2196;-7.92570455430245
2197;0.71952193780758
2198;38.4230892858153
2199;83.0451289693253
2200;19.9131989140017
2201;2.92446204737266
2202;31.9207458696719
2203;5.35976164744978
2204;13.5647064354814
2205;50.7771044984559
2206;4.22509002013534
2207;50.7771044984559
2208;1.80310618758053
2209;10.871660916057
2210;-3.79648766750949
2211;5.43344633398828
2212;9.00658775141835
2213;8.36629608588636
2214;2.91800166501935
2215;33.5466984411017
2216;40.7951963035897
2217;20.4098274654422
2218;24.2149036682495
2219;34.0731145873807
2220;7.46688209649491
2221;7.96351064793539
2222;5.38652477724353
2223;-0.83312954424821
2224;1.55426103595399
2225;8.9260711970725
2226;30.5651548189874
2227;1.48149794979599
2228;7.0511758938373
2229;8.90984619407158
2230;80.2725664701318
2231;88.8623494715156
2232;6.30171485211851
2233;5.45295490674001
2234;-14.0106670234898
2235;16.944364738218
2236;1.12471287374925
2237;-2.42397781425361
2238;2.47765349653421
2239;99.6627033368305
2240;40.5019440990237
2241;17.2667541954462
2242;9.99984485429929
2243;82.5967629736257
2244;153.855848244019
2245;13.1177078348299
2246;-4.46010754931771
2247;13.1177078348299
2248;12.1713722886937
2249;75.359798386544
2250;1.62483410621618
2251;18.4281265471535
2252;3.02120360471943
2253;9.80894956002684
2254;-6.33038201106243
2255;6.34278395759939
2256;17.6764641751363
2257;9.97125544668705
2258;10.5119819908675
2259;175.917832069129
2260;17.6695396333971
2261;28.3786446969977
2262;-4.01659507886919
2263;4.52368306607616
2264;57.0980442576723
2265;13.9731648694678
2266;10.4566757259871
2267;21.8527915630189
2268;60.4994188847122
2269;14.8883916845924
2270;10.1859302602386
2271;-1.33879661844448
2272;21.8527915630189
2273;99.8110399048539
2274;6.56746810710346
2275;17.0085530664272
2276;18.7839904283598
2277;6.95453820382344
2278;19.9601204707465
2279;9.37657881298567
2280;4.26488769988801
2281;8.5070607561206
2282;-1.76609101427814
2283;5.43344633398828
2284;6.57036655096074
2285;19.463491919306
2286;8.59717138234188
2287;21.4030845683231
2288;-0.170362676601116
2289;12.7178208407362
2290;2.33241892786294
2291;4.48711078785208
2292;27.2359896957357
2293;2.57480084831799
2294;2.45367502534544
2295;1.62556685832452
2296;2.14406920624519
2297;22.4281760458234
2298;55.9091593032845
2299;82.344356790618
2300;20.9064560168827
2301;0.630486614705289
2302;229.069316542723
2303;5.9934568819676
2304;18.4812639038686
2305;18.2460683526708
2306;19.0247220574694
2307;19.9101819368874
2308;31.2325075852218
2309;16.3624645131807
2310;32.9727247639109
2311;85.7101750755107
2312;8.60281293312076
2313;8.36629608588636
2314;28.0753987540255
2315;13.6690982378804
2316;9.55013785960356
2317;14.0769641456727
2318;13.202439561125
2319;118.823683363973
2320;16.4286435409024
2321;25.7047893225709
2322;18.9806989445819
2323;0.363658056601344
2324;9.02829901869764
2325;27.7882351354927
2326;100.066635166909
2327;26.0606532037772
2328;28.5381891230781
2329;25.1612392143857
2330;19.060706481355
2331;47.5489671170819
2332;4.72659426444986
2333;4.46259624771634
2334;16.2734970925652
2335;2.75588381240216
2336;6.34079297949359
2337;28.169241867515
2338;14.8365944349736
2339;6.63607916563779
2340;0.891026284866021
2341;-5.06630351909004
2342;21.745186098612
2343;85.5542546913513
2344;10.3304984460401
2345;34.7541675559505
2346;-3.65544896681213
2347;11.2065246442249
2348;-7.56548122023766
2349;0.82446588085959
2350;19.9131989140017
2351;31.1648139502671
2352;24.6176891062005
2353;18.2638309370249
2354;8.36629608588636
2355;606.275754018016
2356;16.8208668394482
2357;121.382278321894
2358;155.280471467892
2359;25.114317657641
2360;-1.12382209972939
2361;6.78225669463927
2362;14.9081511054771
2363;-0.681396295898395
2364;9.10043086490784
2365;10.1690225401327
2366;9.99984485429929
2367;5.43344633398828
2368;2.22142961653202
2369;5.93007488542875
2370;11.0865521355543
2371;221.961096154485
2372;46.2222432723668
2373;21.8527915630189
2374;10.1424191429985
2375;18.0723250713481
2376;7.56362365384168
2377;14.3646009972919
2378;-6.31529165438545
2379;26.1075747605219
2380;-5.07021806150936
2381;-2.07015764586558
2382;21.3561630115784
2383;31.100403043749
2384;21.849093502499
2385;19.5896745963712
2386;52.5950368172424
2387;282.783102691196
2388;28.3083451162388
2389;-9.67893796561813
2390;-9.78882866262662
2391;20.2629389498221
2392;6.37978188012448
2393;-6.16009683330844
2394;5.47221895156754
2395;12.5946451658688
2396;14.5606719324065
2397;-4.69285551843404
2398;9.29028790224148
2399;27.5590737909694
2400;28.2161634242597
2401;23.4884074046363
2402;19.6743361166731
2403;1.83446338714494
2404;124.817530400739
2405;17.8192296128249
2406;132.991207476581
2407;10.3304984460401
2408;31.5802678738163
2409;6.47362499361397
2410;6.07373799952026
2411;4.52790849921095
2412;6.37978188012448
2413;11.3615759796569
2414;76.8135024060796
2415;9.56847000873607
2416;57.5483262671471
2417;13.2854559389569
2418;83.9458839577129
2419;13.6143363862703
2420;11.7245637378552
2421;15.9732796247437
2422;31.0266897309551
2423;52.0816920310144
2424;2.09068726714713
2425;0.963789371024027
2426;7.59374036706977
2427;8.41321764263111
2428;0.104666007251836
2429;50.6389186190181
2430;14.6947576380066
2431;3.01167422973666
2432;12.2182938454384
2433;12.3961696883745
2434;35.9789261222174
2435;7.20063589564337
2436;42.4660207167535
2437;8.20083193187564
2438;9.96197150032894
2439;21.9243228309002
2440;16.5732946807539
2441;111.852267285524
2442;1.76982420958522
2443;8.80923207479258
2444;-4.93722752800645
2445;28.9878961177738
2446;9.83195880371676
2447;46.8900548217157
2448;153.434031530305
2449;17.4739588813257
2450;-0.06015429431834
2451;7.41996053975017
2452;-7.2405366078463
2453;7.51670209709694
2454;7.74289977006278
2455;74.523199676149
2456;4.67057158169627
2457;61.7171465352726
2458;-8.99462318719868
2459;-8.23994702332824
2460;9.85618174020778
2461;2.12219540976499
2462;88.7129204105763
2463;22.4517823514874
2464;8.90984619407158
2465;1.12546351981758
2466;95.396836148812
2467;9.96197150032894
2468;10.9174818135535
2469;118.86134979185
2470;-2.02890270232544
2471;15.8053537619409
2472;10.3304984460401
2473;34.0959400114849
2474;115.187902475374
2475;7.8696675344459
2476;5.42052556928165
2477;14.0381269717003
2478;2.68154018846813
2479;25.2931180267768
2480;8.90984619407158
2481;16.5444777441243
2482;11.7815053182089
2483;13.3405849352663
2484;12.8747153429705
2485;218.414442557062
2486;2.97784398647072
2487;28.4725499139122
2488;3.5905952423179
2489;13.211548651079
2490;4.18686379496242
2491;127.480318330762
2492;23.7784434220377
2493;21.9093134278857
2494;7.12724321828959
2495;20.8595344601379
2496;-8.22436970653102
2497;12.4098434572344
2498;8.41321764263111
2499;37.0314032205917
2500;-3.5657099133916
2501;3.6581078331677
2502;12.3150354027852
2503;13.2215709719283
2504;10.3390477988344
2505;32.3424217836121
2506;6.52054655035871
2507;2.63059381403243
2508;82.9529461281918
2509;25.1612392143857
2510;22.2801867121064
2511;0.182602760747845
2512;13.0151530555334
2513;15.8707116546142
2514;2.0250480579812
2515;-2.70464298083287
2516;85.0994143035798
2517;16.7762359495151
2518;24.6176891062005
2519;29.9811532206548
2520;28.5851106798228
2521;7.60516381819578
2522;5.75410985957066
2523;13.5257835432651
2524;7.21569302641603
2525;46.301642200144
2526;-13.2273263886317
2527;96.5495755743484
2528;2.52498084771597
2529;9.81918381768269
2530;3.94356067966686
2531;87.6028461677831
2532;12.4747077752537
2533;105.443017673543
2534;12.7647423974809
2535;2.1808868193367
2536;-6.47379812098093
2537;3.02120360471943
2538;5.47221895156754
2539;152.612452771662
2540;5.63806639412669
2541;24.6176891062005
2542;119.710943780639
2543;21.4969276818126
2544;24.1679821115048
2545;48.9652768890666
2546;18.0205278217293
2547;47.8549603019017
2548;-1.01407262624641
2549;-8.94194357129597
2550;27.7844154967949
2551;11.1422561959098
2552;13.1619209975305
2553;35.1097683887771
2554;138.88056450467
2555;2.84956787932905
2556;24.71153221969
2557;7.28437315731711
2558;107.188305632537
2559;0.387814888233029
2560;21.745186098612
2561;155.713480177787
2562;5.30796480337098
2563;19.5657197409311
2564;5.2172874861941
2565;12.1244507319489
2566;-11.4834337034918
2567;1.54134027124736
2568;18.5640779299145
2569;-0.229404634871801
2570;-9.80718422624313
2571;-1.53358912186224
2572;3.94356067966686
2573;9.92771300808908
2574;-5.80844799915567
2575;36.4409315556617
2576;6.66420966445023
2577;44.8093746949999
2578;10.6614234730133
2579;6.42347803534063
2580;9.29042147317011
2581;24.71153221969
2582;73.2886598568246
2583;388.715919269444
2584;16.8170472007504
2585;12.1713722886937
2586;17.1680353890826
2587;49.2402972873898
2588;43.1919737398522
2589;-0.5917786155437
2590;7.27307202413006
2591;39.1752223177394
2592;25.514468444194
2593;15.5225986203855
2594;6.74251879018977
2595;11.3270073618997
2596;-1.54519491559159
2597;15.3380986792881
2598;-0.649237814544869
2599;8.41321764263111
2600;60.932787555379
2601;-3.72931502223375
2602;43.4880841855804
2603;37.8153576179436
2604;11.6278221805085
2605;3.93484341697074
2606;104.974220672466
2607;1.33783483570447
2608;7.74604906205308
2609;12.6210792833894
2610;10.8181084281867
2611;24.6646106629452
2612;13.5674148295256
2613;232.098384562623
2614;31.4481547056312
2615;9.30995608950964
2616;12.4250083482748
2617;0.454240054876923
2618;38.1798654425159
2619;24.1975140373772
2620;-6.44373369730365
2621;5.57710944807979
2622;12.1617889161688
2623;25.5640246523367
2624;0.43974783559054
2625;2.68591057557727
2626;5.17142556627153
2627;86.6565106216469
2628;14.3759503074188
2629;3.63461835520537
2630;7.51670209709694
2631;11.4085023967614
2632;18.2317035266706
2633;75.359798386544
2634;23.5266653837994
2635;54.7327768377074
2636;18.0205278217293
2637;8.90984619407158
2638;10.3304984460401
2639;12.6210792833894
2640;51.4988138673073
2641;6.65015559920476
2642;-1.59501491619362
2643;11.5781922297196
2644;-4.34307688497
2645;31.6487113648996
2646;22.3271082688512
2647;0.0174538248878299
2648;12.9289965456775
2649;-9.38326108644306
2650;4.55354091734856
2651;89.8556065743965
2652;-11.0858941756232
2653;3.4259700397019
2654;6.37978188012448
2655;9.90310329695252
2656;1.45395754011118
2657;-13.0559241406129
2658;13.5890907011072
2659;-2.63714016501019
2660;46.1667843320259
2661;10.8494388430887
2662;-11.976660402868
2663;28.759713532445
2664;-5.21704520205527
2665;-8.3659252970958
2666;-4.44561533003132
2667;34.6697015045126
2668;14.1109649377108
2669;15.511324274861
2670;11.3304818418764
2671;194.617935671964
2672;5.61400868397519
2673;-7.72638039047298
2674;7.96351064793539
2675;114.713149451589
2676;-1.57352909442511
2677;15.1015136465476
2678;14.8365944349736
2679;8.24704731615767
2680;5.42052556928165
2681;-16.1798257182085
2682;-5.79415343614985
2683;5.76967136793282
2684;26.4969763698814
2685;86.3409373660599
2686;5.20401583806573
2687;24.6176891062005
2688;1.83579037642246
2689;-5.02329650476462
2690;86.6656117476557
2691;15.6421653108755
2692;22.5489065760516
2693;8.70311362030829
2694;10.9119515416762
2695;32.5618966266194
2696;3.77828146929688
2697;19.463491919306
2698;138.338674417081
2699;8.06025220528215
2700;20.9488910773991
2701;82.819138452999
2702;12.6210792833894
2703;10.8304122226311
2704;14.1820550154575
2705;13.1832241845879
2706;10.1592066033316
2707;-9.78714587270223
2708;8.96225401509469
2709;10.2835768892953
2710;5.5169401689571
2711;36.830349609791
2712;4.13124690664584
2713;9.41542677651171
2714;5.07095152165656
2715;6.21094073125847
2716;23.815327297592
2717;20.9064560168827
2718;11.7216652939979
2719;20.0070420274912
2720;314.920353536956
2721;84.4128513410423
2722;122.526595831195
2723;12.2182938454384
2724;-17.5428535148153
2725;118.526076944748
2726;3.99048223641161
2727;-23.19383223885
2728;2.13396526259195
2729;8.90984619407158
2730;5.08048089663932
2731;159.717993697166
2732;-8.05487544910758
2733;38.0047126493737
2734;7.8696675344459
2735;207.891566085739
2736;27.7844154967949
2737;10.9532055907979
2738;-33.1450294676199
2739;41.6907968322048
2740;102.348844948648
2741;-16.7842889764386
2742;8.60024037497133
2743;21.4030845683231
2744;16.2686213996912
2745;18.5171563731698
2746;4.82548531928496
2747;3.48175223771849
2748;-8.28943907140992
2749;31.9018157448338
2750;15.828524548577
2751;85.2294039440422
2752;5.97989488603077
2753;15.5308328476127
2754;17.2592303753119
2755;5.13097294573687
2756;3.82230458218435
2757;-0.765914505704937
2758;8.41321764263111
2759;3.29729445298072
2760;-2.46213068066217
2761;7.56362365384168
2762;9.94186559107241
2763;-7.07089808902843
2764;2.73520436581392
2765;41.0678934100118
2766;100.59693852661
2767;-0.57737354768689
2768;314.206714098439
2769;53.3720669737159
2770;49.7281537340799
2771;3.4272932809647
2772;17.3872843928891
2773;-2.11772946234959
2774;16.4659177702517
2775;8.86440720378521
2776;7.61205222505394
2777;17.7164611901419
2778;3.37416904206838
2779;0.828285519557373
2780;9.97753300869111
2781;5.4832663345903
2782;10.8960312567371
2783;47.0661983214174
2784;8.66911456496198
2785;-2.96773619231774
2786;46.8900548217157
2787;8.21961395431451
2788;4.11157348473539
2789;7.8696675344459
2790;2.67751537077717
2791;3.87554588636764
2792;16.8974431814732
2793;10.2158454102478
2794;26.0745549386275
2795;8.41321764263111
2796;16.4477361867775
2797;32.8164778125306
2798;18.0205278217293
2799;45.9866680605694
2800;-1.3671438565506
2801;2.97758628626897
2802;6.87641043156495
2803;49.1464541739003
2804;4.87697546109643
2805;155.216851626346
2806;-6.9624619653874
2807;7.91949120660791
2808;11.4786728021386
2809;-0.508051670549033
2810;-18.9352431794858
2811;4.87025737854137
2812;83.3709973595039
2813;87.6033391136497
2814;13.6612579430151
2815;12.9289965456775
2816;101.449430959257
2817;14.0640433809661
2818;20.9064560168827
2819;25.114317657641
2820;47.5293838262869
2821;43.1499313736938
2822;85.6632535187659
2823;12.973717763067
2824;7.85215629767917
2825;29.2965271236205
2826;40.6391296278491
2827;1.73117982464097
2828;19.9131989140017
2829;-7.84398312728468
2830;26.4523250157801
2831;0.687255702365926
2832;48.0455956685224
2833;10.2797733737281
2834;43.1548359650331
2835;18.4811719492841
2836;113.698016821052
2837;-5.21702447955932
2838;25.3025140672367
2839;-0.916872160099847
2840;3.1379898037649
2841;3.82230458218435
2842;138.833642947925
2843;18.334283433664
2844;82.6740482469402
2845;27.3167494348683
2846;20.119616428463
2847;48.8019584014031
2848;19.463491919306
2849;-13.9124332291326
2850;100.801259550321
2851;8.30479239605805
2852;213.655496789153
2853;32.6689442170212
2854;17.0272707188484
2855;13.0737508800763
2856;-3.51878835664686
2857;46.1333973463529
2858;19.9131989140017
2859;1.14138006964664
2860;30.9744103235357
2861;224.23299780925
2862;-1.88042770606839
2863;-6.15354090664185
2864;5.07095152165656
2865;2.68828280906917
2866;57.6472171134854
2867;19.1197283944566
2868;30.6657797064846
2869;44.3040067509688
2870;67.5557535469341
2871;7.46978054035219
2872;13.2144493921766
2873;10.1091965529165
2874;3.72133759170279
2875;-22.4814826895043
2876;0.430162897058469
2877;300.49037218759
2878;145.597008058527
2879;7.37303898300542
2880;7.8696675344459
2881;2.12021816074821
2882;10.4460926009597
2883;224.17041063642
2884;126.259216225745
2885;-36.1861537517071
2886;3.02450784301372
2887;29.4845246692143
2888;29.7714861521227
2889;1.93120494449171
2890;36.6100064445987
2891;18.657881988256
2892;18.3702678575497
2893;9.40647474551205
2894;53.4070320176149
2895;21.8527915630189
2896;13.4150540866218
2897;182.22176640219
2898;2.52457505327895
2899;17.3940717329137
2900;206.869388075434
2901;8.24704731615767
2902;18.4029199776374
2903;42.4660207167535
2904;83.2047527273911
2905;12.9831805046414
2906;8.44031540847341
2907;14.4386846898967
2908;7.91658909119064
2909;15.72994698438
2910;90.5770478932354
2911;1.92300255878647
2912;12.8300546489755
2913;1.63060290444557
2914;10.3528102916482
2915;37.3015067215254
2916;28.1402793780012
2917;-2.28474532593658
2918;230.18082154744
2919;12.3803476542798
2920;88.8623494715156
2921;14.2082840638441
2922;6.8718234308955
2923;2.52010515484192
2924;51.8195918250146
2925;2.13396526259195
2926;9.99102894910439
2927;5.93007488542875
2928;8.10717376202689
2929;13.2270241377494
2930;8.36307068435777
2931;4.75787269002855
2932;6.30171485211851
2933;19.43645952642
2934;-6.42127246250988
2935;8.60024037497133
2936;6.93325562252936
2937;42.1528212557515
2938;-5.1141212859682
2939;115.684531026814
2940;88.4126424768198
2941;9.68523726136404
2942;12.7149223968789
2943;16.4107382642524
2944;27.526152264351
2945;17.1789725219417
2946;4.07397607138043
2947;5.31086324722825
2948;10.8190920612118
2949;2.38091193918744
2950;1.22278142037353
2951;182.22176640219
2952;7.85674676973926
2953;0.386631754598579
2954;82.6740482469402
2955;5.82897721489723
2956;26.7862827010399
2957;0.649575841713617
2958;18.1282065119352
2959;-5.02936075450186
2960;28.572027305466
2961;106.743089347621
2962;3.87410183180315
2963;0.891026284866021
2964;280.824654810977
2965;7.87861956544555
2966;57.9336350996762
2967;1.23914668916682
2968;112.353771529839
2969;16.0763991161412
2970;2.17557734886305
2971;35.6105900626253
2972;5.4832663345903
2973;10.3249592585273
2974;3.80225994048565
2975;17.0783420684276
2976;13.7697513632504
2977;6.37978188012448
2978;21.4030845683231
2979;-17.3685324543827
2980;8.96573433078684
2981;15.6711441063457
2982;22.3926436106842
2983;7.91658909119064
2984;91.4506846523343
2985;5.92995431180569
2986;3.9177191502536
2987;13.1177078348299
2988;6.37978188012448
2989;0.891026284866021
2990;13.5257835432651
2991;145.147301063831
2992;10.5351151262366
2993;79.2051357608489
2994;4.77856376254021
2995;0.675005879053522
2996;8.95676775081633
2997;142.256252773443
2998;20.4567490221869
2999;19.5213506089098
3000;31.6434413882431
3001;8.20083193187564
3002;11.3791776327864
3003;129.502753285427
3004;-0.719505992479797
3005;119.812451288933
3006;12.4098434572344
3007;3.49385368497113
3008;8.95676775081633
3009;270.367250890614
3010;190.263461629903
3011;25.1612392143857
3012;9.19125496091699
3013;4.78669518529952
3014;16.5619514837463
3015;13.629624386247
3016;-0.210566150790801
3017;3.55069887593554
3018;7.46688209649491
3019;24.9640226434746
3020;242.155401736417
3021;7.91658909119064
3022;5.52065851635229
3023;-2.81438212750701
3024;6.07373799952026
3025;7.41996053975017
3026;34.7181188214776
3027;-4.60087221955195
3028;24.1679821115048
3029;-5.20940842834567
3030;42.6091781358832
3031;-8.75123015630654
3032;15.2097250876443
3033;8.90984619407158
3034;-1.66280999116927
3035;24.3119558490325
3036;13.8355499604618
3037;13.7081794997598
3038;119.395764116132
3039;18.1661681848376
3040;7.91658909119064
3041;2.05088958739446
3042;14.919500415604
3043;4.98373933929255
3044;9.4533963022568
3045;8.10717376202689
3046;6.61438966384821
3047;22.7025173838995
3048;8.27142791022346
3049;90.911376375865
3050;11.1279682275394
3051;154.020912257426
3052;4.17816846339059
3053;4.50065028186737
3054;5.45163937645911
3055;8.97892676811048
3056;32.0484271655493
3057;1.06053092837079
3058;0.0597140198886473
3059;25.3025140672367
3060;57.7493020009107
3061;18.0343633984457
3062;46.8656855954634
3063;6.04037843871235
3064;84.7149488815174
3065;13.520498485981
3066;25.9362122719928
3067;17.0851294084522
3068;4.23506886411487
3069;32.5618966266194
3070;7.30156831147617
3071;-0.566306877138675
3072;125.349699895516
3073;18.0205278217293
3074;6.37978188012448
3075;4.13124690664584
3076;-10.4040458218711
3077;7.8696675344459
3078;16.2734970925652
3079;3.43401136351976
3080;12.9935083161009
3081;112.897321638024
3082;18.1192466280929
3083;5.883153328684
3084;0.821567437002312
3085;1.52841950654073
3086;-0.336500992807738
3087;3.66149527025141
3088;41.7601114077704
3089;93.6684192047362
3090;15.5778402010285
3091;17.5792055351693
3092;26.4750414228655
3093;4.18192007528457
3094;57.7218890169177
3095;5.13097294573687
3096;6.67530875732094
3097;12.4637706423947
3098;8.36629608588636
3099;11.6046950358303
3100;8.80457709155755
3101;682.04632436186
3102;2.87754049062791
3103;16.5050227539041
3104;-11.3312043864523
3105;5.36197566245903
3106;2.54633181497542
3107;7.56362365384168
3108;-5.78893942640394
3109;19.463491919306
3110;11.2101237203468
3111;9.40647474551205
3112;-13.1652574996027
3113;13.6686077656492
3114;48.7992665174113
3115;31.4710388749762
3116;4.12512306125997
3117;0.840852746250737
3118;18.8082861178698
3119;8.05735376142488
3120;4.67479701483106
3121;24.6176891062005
3122;4.39363609613054
3123;-11.7170621541657
3124;25.7047893225709
3125;14.0718836758313
3126;20.4567490221869
3127;2.95030357678592
3128;1.07208158071952
3129;60.932787555379
3130;0.708517345688226
3131;11.3559910287488
3132;7.96351064793539
3133;-0.768608478262405
3134;7.56006171534564
3135;17.133654426827
3136;13.8433373320926
3137;17.3940717329137
3138;3.54367368557316
3139;13.1177078348299
3140;-18.0905950783017
3141;19.9601204707465
3142;9.40647474551205
3143;-2.00426073649791
3144;11.7714852946
3145;21.863728695878
3146;6.34273609774331
3147;3.6581078331677
3148;39.1752223177394
3149;0.561003933073046
3150;4.4272684664007
3151;-1.22991963446857
3152;25.114317657641
3153;55.2084787550401
3154;10.1939137886198
3155;-1.88102620718023
3156;4.49357117020539
3157;60.6075185746338
3158;-0.874719247901098
3159;15.3740831031738
3160;57.0184553355726
3161;93.6480777918605
3162;0.573575603751381
3163;21.4030845683231
3164;8.0800523816786
3165;6.60783936769772
3166;29.4376031124695
3167;18.2460683526708
3168;6.47652343747124
3169;13.1177078348299
3170;25.114317657641
3171;2.96794522181065
3172;15.9527886699674
3173;10.9984389482661
3174;11.5809006237637
3175;20.7126459445178
3176;-1.98481734173181
3177;6.97315198891172
3178;18.4702348164251
3179;11.7714852946
3180;9.88079145134434
3181;2.2963157930013
3182;30.6246205221165
3183;24.6677088720271
3184;2.89982693577844
3185;13.4432153107966
3186;19.3696488058165
3187;-2.41876737556979
3188;12.9799077665868
3189;-3.04469213347277
3190;88.8154279147708
3191;127.905447102655
3192;-0.0617696436234894
3193;14.4807305537673
3194;8.87901072029108
3195;85.8160177588663
3196;18.0205278217293
3197;14.1109649377108
3198;2.72903234348823
3199;16.944364738218
3200;12.8458766830703
3201;187.619506809681
3202;6.91041122360306
3203;-5.99823359175703
3204;6.12263680528178
3205;18.1143709352188
3206;153.447946767638
3207;3.48175223771849
3208;24.1688004719982
3209;7.8696675344459
3210;8.80923207479258
3211;6.57036655096074
3212;1.05763248451352
3213;13.1646293915746
3214;27.6422654304553
3215;18.4811719492841
3216;45.0248056813709
3217;35.7942629392566
3218;7.38294073023171
3219;1.43457639305124
3220;9.50321630285882
3221;9.93061145194636
3222;21.369083776285
3223;102.348844948648
3224;21.4030845683231
3225;18.7839904283598
3226;15.0203025613219
3227;8.90984619407158
3228;9.56279113358224
3229;5.98823524409992
3230;20.2629389498221
3231;5.52406404594917
3232;49.8311536683421
3233;4.13124690664584
3234;263.492554303277
3235;8.14746438764616
3236;12.6210792833894
3237;18.4029199776374
3238;17.7026988392245
3239;21.7063702626984
3240;19.9131989140017
3241;61.8601440303098
3242;7.91658909119064
3243;20.4567490221869
3244;19.463491919306
3245;-4.17336573236465
3246;-0.772805514273758
3247;25.4709998993406
3248;26.9657612465361
3249;3.6274944782133
3250;5.94361437944404
3251;-16.5477880125804
3252;26.4134174538441
3253;13.2088425542752
3254;0.422945191799312
3255;5.1178730784013
3256;3.43401136351976
3257;14.3946615770092
3258;0.245889586285874
3259;20.4567490221869
3260;4.03740379315635
3261;37.3147562947483
3262;72.4990792572973
3263;32.6557397401089
3264;18.873020254376
3265;17.2757140792885
3266;-17.3750655108995
3267;3.03598742765054
3268;27.4154682412318
3269;51.4649552564481
3270;9.00658775141835
3271;207.715012048627
3272;13.4679648781347
3273;140.114445000744
3274;9.42770533850184
3275;7.23124925059777
3276;7.06699510240121
3277;6.30109055754605
3278;17.3940717329137
3279;9.14225363844013
3280;7.56362365384168
3281;-1.94238193641907
3282;19.463491919306
3283;4.44018923110733
3284;4.21891799780965
3285;63.8329741699416
3286;18.9716351934067
3287;-6.68122953880332
3288;18.316238758048
3289;9.7319954957548
3290;19.6042565895402
3291;9.64299159274645
3292;1.59472221034542
3293;203.318236183938
3294;5.0310059868615
3295;16.5444777441243
3296;84.0572451600378
3297;11.0892994065548
3298;-2.18304169490231
3299;25.6109462090814
3300;6.65476092444246
3301;11.2250367425575
3302;51.3679030756651
3303;86.5357128953822
3304;-18.5383467792098
3305;1.1033440354441
3306;7.96351064793539
3307;18.8839573872351
3308;8.86292463732683
3309;-5.66675397617658
3310;1.07714105726525
3311;18.9283150187787
3312;-1.88611777314529
3313;-0.485762534597744
3314;17.2757140792885
3315;4.7735158211946
3316;189.232191483012
3317;3.15492363692433
3318;0.98549429535059
3319;6.02069259738965
3320;16.7678214373176
3321;-11.991409315351
3322;14.6857808381057
3323;84.0174474802851
3324;8.06025220528215
3325;1.55426103595399
3326;9.37577819176822
3327;14.7938782044294
3328;8.93254481432531
3329;20.6476328811802
3330;174.746488083627
3331;-7.51343286444909
3332;104.201124530311
3333;10.291275941994
3334;12.9267962063223
3335;79.850272459429
3336;0.0838839543843043
3337;-11.0547723804781
3338;21.8527915630189
3339;133.521779582329
3340;2.57837134067079
3341;-3.40912603459346
3342;11.7685868507427
3343;7.8696675344459
3344;17.3174953908887
3345;61.9787498123147
3346;0.647723169570464
3347;9.24048924674087
3348;17.1144829012124
3349;2.14860714887479
3350;18.9283150187787
3351;1.12230737575856
3352;4.98436423628762
3353;3.13135887263942
3354;0.996554743620037
3355;5.43344633398828
3356;3.15749837651663
3357;15.0831420132603
3358;10.9532055907979
3359;3.19424792331168
3360;53.4070320176149
3361;28.572027305466
3362;24.6646106629452
3363;17.4879148464032
3364;20.9064560168827
3365;4.81842555427381
3366;4.50065028186737
3367;3.82753004692534
3368;14.5762630742493
3369;19.8132319551264
3370;9.91861188208024
3371;14.0080629606031
3372;10.3304984460401
3373;3.6976381395325
3374;2.68211078674349
3375;98.4414693813513
3376;4.7322872848315
3377;0.573529875204731
3378;6.46760151009173
3379;255.605459034867
3380;14.1607849383128
3381;284.364674512605
3382;30.5333711316356
3383;34.9591066022095
3384;2.66873111323706
3385;25.114317657641
3386;-13.7822852462077
3387;9.25893906948831
3388;-9.70721144799361
3389;12.8300546489755
3390;20.3629059086974
3391;7.85674676973926
3392;136.28058885181
3393;56.2244633216831
3394;4.06465192799064
3395;-5.89516723565309
3396;24.71153221969
3397;25.5640246523367
3398;9.36947682298696
3399;85.8160177588663
3400;-0.412428742695523
3401;4.11120226494714
3402;16.0478491926838
3403;3.54618829848722
3404;1.71627172171499
3405;0.987767842212792
3406;30.1659597476073
3407;7.91658909119064
3408;33.4040010326088
3409;17.2757140792885
3410;99.321921290462
3411;0.276445874237336
3412;2.42626204135243
3413;27.76775701095
3414;7.08551429480633
3415;2.97758628626897
3416;16.3511152030538
3417;17.6764641751363
3418;5.17142556627153
3419;16.4180814014972
3420;13.5674148295256
3421;1.38765483630649
3422;10.9898977502465
3423;14.0287817577844
3424;16.8703993527848
3425;11.6369579644115
3426;11.0705381822497
3427;7.91658909119064
3428;8.90984619407158
3429;33.3766307319552
3430;13.7763711336492
3431;12.1792125835589
3432;14.8905102250773
3433;48.0455956685224
3434;6.37978188012448
3435;8.71603612170673
3436;-5.06588312602727
3437;-4.48851435461938
3438;2.87883290525667
3439;-4.75393275749774
3440;18.9199418111208
3441;41.7087537031158
3442;5.36201023710779
3443;14.7763369376148
3444;16.1819829317926
3445;-8.7483641543227
3446;25.114317657641
3447;2.69761937187121
3448;11.0289658074428
3449;13.5674148295256
3450;11.2797324360335
3451;13.5674148295256
3452;12.9708193192098
3453;9.85618174020778
3454;1.43457639305124
3455;19.463491919306
3456;12.0646084104975
3457;83.3005863247969
3458;-5.74932430161157
3459;125.359802236354
3460;2.3727095534822
3461;-9.47105518521414
3462;2.2094691335121
3463;41.1166312557529
3464;7.75112493717991
3465;228.902791217503
3466;73.2057498729436
3467;1.22817251365107
3468;5.1387413774296
3469;12.6210792833894
3470;30.5651548189874
3471;6.75142184681424
3472;-4.62175171607951
3473;-8.41495437736728
3474;84.6468088650268
3475;-6.70496354468985
3476;7.96640909179266
3477;-0.291488499573661
3478;33.7731460491052
3479;36.8040055708711
3480;8.0133306485374
3481;20.9064560168827
3482;19.6743489779335
3483;87.5132284874284
3484;-9.94095873333488
3485;8.56878163995905
3486;-2.58019123355667
3487;13.1646293915746
3488;3.26442318904859
3489;13.5776390252467
3490;9.85618174020778
3491;7.56362365384168
3492;-7.1287556044612
3493;11.1810797878039
3494;9.81918381768269
3495;18.1661681848376
3496;141.778273905313
3497;15.7661272582358
3498;25.1612392143857
3499;2.05088958739446
3500;7.96351064793539
3501;2.50059658209019
3502;-2.11325956391255
3503;7.96351064793539
3504;39.9668953393483
3505;0.0838839543843043
3506;15.8189144049954
3507;9.80894956002684
3508;10.3960337878731
3509;102.395766505393
3510;19.9131989140017
3511;1.52459986784295
3512;4.05962586612461
3513;19.9131989140017
3514;1.7875418304002
3515;230.278224277401
3516;8.41321764263111
3517;5.07758245278204
3518;-8.31109932910977
3519;1.83446338714494
3520;10.0665665874405
3521;138.338674417081
3522;13.9645934295751
3523;9.91861188208024
3524;47.4309355249391
3525;39.3243716961093
3526;7.6139865754594
3527;9.81918381768269
3528;0.131713471070048
3529;9.46920451724822
3530;19.463491919306
3531;18.6700213997608
3532;17.7047724557662
3533;260.051199947482
3534;7.81662213231528
3535;118.49635012674
3536;17.3497678755105
3537;34.1232529524701
3538;-3.76934562344445
3539;1.09928283640934
3540;8.41321764263111
3541;81.1713169648845
3542;24.2149036682495
3543;20.9064560168827
3544;17.4879148464032
3545;22.8983035423135
3546;20.9064560168827
3547;28.9004782026792
3548;4.17714340121717
3549;1.98102494509374
3550;29.2354297230816
3551;15.3580381253628
3552;3.43401136351976
3553;12.6210792833894
3554;1.64352192209205
3555;24.2761391371123
3556;17.1680353890826
3557;3.72233762330899
3558;45.0789431113071
3559;2.64136125232443
3560;121.883272140748
3561;1.8146570268058
3562;5.81026677975586
3563;18.2660727383121
3564;5.42052556928165
3565;36.9285110779489
3566;0.316736499856598
3567;6.01779415353237
3568;21.8304797174107
3569;1.83053988111425
3570;16.0653672815193
3571;-0.303739175609562
3572;8.9596661946736
3573;46.1667843320259
3574;-3.90793013636447
3575;6.37978188012448
3576;21.9159355503691
3577;17.0851294084522
3578;10.8181084281867
3579;5.76967136793282
3580;-2.86847437026551
3581;22.9183982942746
3582;-5.56514488386011
3583;223.286662263114
3584;-9.49240740749949
3585;8.86292463732683
3586;9.23013782865994
3587;2.13396526259195
3588;7.05746572741845
3589;20.9064560168827
3590;52.3800110731092
3591;1.72480106509155
3592;12.6481770492317
3593;11.3559910287488
3594;14.0796345228088
3595;17.3940717329137
3596;13.4787490038373
3597;17.9266847082398
3598;7.32219392022999
3599;20.0070420274912
3600;5.97989488603077
3601;27.784311629462
3602;0.98549429535059
3603;5.53018789133504
3604;42.8316033239525
3605;2.31492957808958
3606;6.63607916563779
3607;5.75526630007601
3608;17.8610454990739
3609;82.6740482469402
3610;4.7735158211946
3611;-0.418636342474115
3612;17.3940717329137
3613;15.917633211359
3614;14.8900984263123
3615;12.6753607886053
3616;11.7858349629255
3617;8.60281293312076
3618;6.42670343686922
3619;-2.75826080205063
3620;5.07435705125345
3621;102.950888581058
3622;7.8696675344459
3623;58.1660426347572
3624;13.5674148295256
3625;-4.67057592751683
3626;27.7882351354927
3627;14.1607849383128
3628;3.00012357738794
3629;26.4992465725248
3630;7.56072520998441
3631;8.266329127011
3632;17.6177423837783
3633;9.85618174020778
3634;12.9538469769208
3635;18.3371818775213
3636;36.160299449903
3637;83.1967924600849
3638;8.42872622775882
3639;7.11101821528868
3640;5.65233877648101
3641;56.7572535133735
3642;30.6657797064846
3643;1.81124126163796
3644;6.42670343686922
3645;14.2290136148589
3646;14.2930443267884
3647;179.288916650292
3648;112.494536200073
3649;12.5069258977652
3650;6.87318503003635
3651;4.66734618016767
3652;26.320097545811
3653;21.0750394655469
3654;87.1739721578228
3655;8.43543971559936
3656;9.47800601339336
3657;-2.08953594410736
3658;46.1667843320259
3659;6.36263394559125
3660;314.920353536956
3661;152.618018866595
3662;26.6042033119624
3663;2.70521664222861
3664;49.6864076883341
3665;34.4265903782648
3666;114.147723815748
3667;39.1766399137904
3668;109.201797406082
3669;11.8184068513447
3670;19.6175033380242
3671;62.6357070833205
